match_id,season,date,total_runs
1426268,2024,2024-04-15,549
1422126,2024,2024-03-27,523
1426280,2024,2024-04-26,523
1426281,2024,2024-04-27,504
419137,2009/10,2010-04-03,469
1426273,2024,2024-04-20,465
1136604,2018,2018-05-12,459
1359512,2023,2023-04-28,458
1082641,2017,2017-05-11,453
1216527,2020/21,2020-09-27,449
335983,2007/08,2008-04-19,447
1426269,2024,2024-04-16,447
1426278,2024,2024-04-24,444
1359498,2023,2023-04-17,444
1426274,2024,2024-04-21,443
1422138,2024,2024-04-07,439
1422134,2024,2024-04-03,438
1254061,2021,2021-04-12,438
1216515,2020/21,2020-10-03,438
1254084,2021,2021-05-01,437
501223,2011,2011-04-23,433
1359493,2023,2023-04-14,433
1359526,2023,2023-05-07,431
829795,2015,2015-05-10,431
335990,2007/08,2008-04-24,431
1359520,2023,2023-05-03,430
1178422,2019,2019-04-28,430
1426307,2024,2024-05-19,429
1304080,2022,2022-04-22,429
734047,2014,2014-05-30,428
1254088,2021,2021-10-08,428
1304076,2022,2022-04-18,427
1426297,2024,2024-05-10,427
1359516,2023,2023-04-30,426
1359489,2023,2023-04-10,425
1426277,2024,2024-04-23,423
1254072,2021,2021-04-21,422
1359480,2023,2023-04-03,422
1426296,2024,2024-05-09,422
1082632,2017,2017-05-04,422
1426294,2024,2024-05-07,422
1136611,2018,2018-05-17,422
1359507,2023,2023-04-23,421
1304053,2022,2022-03-31,421
1216547,2020/21,2020-09-28,420
419107,2009/10,2010-03-13,420
733987,2014,2014-05-07,418
1304112,2022,2022-05-18,418
734007,2014,2014-05-14,416
1178410,2019,2019-04-19,416
1216496,2020/21,2020-09-22,416
1136571,2018,2018-04-15,415
1359505,2023,2023-04-22,415
1304049,2022,2022-03-27,413
548318,2012,2012-04-12,413
1422121,2024,2024-03-23,412
336033,2007/08,2008-05-24,412
1136584,2018,2018-04-25,412
1359538,2023,2023-05-17,411
1175372,2019,2019-04-05,411
729283,2014,2014-04-18,411
1359487,2023,2023-04-09,411
1426305,2024,2024-05-17,410
335989,2007/08,2008-04-23,410
980907,2016,2016-04-12,409
1359531,2023,2023-05-12,409
548372,2012,2012-05-17,409
1426306,2024,2024-05-18,409
1304068,2022,2022-04-12,409
1136590,2018,2018-04-30,409
981019,2016,2016-05-29,408
1175361,2019,2019-03-27,408
1136565,2018,2018-04-10,407
419112,2009/10,2010-03-16,407
1426283,2024,2024-04-28,406
1082610,2017,2017-04-18,405
1370352,2023,2023-05-26,404
419139,2009/10,2010-04-04,404
829741,2015,2015-04-21,403
1426288,2024,2024-05-02,401
1359543,2023,2023-05-21,401
1359515,2023,2023-04-30,401
336019,2007/08,2008-05-28,401
1312198,2022,2022-05-25,400
829737,2015,2015-04-19,400
1175363,2019,2019-03-29,399
1422135,2024,2024-04-04,399
1359528,2023,2023-05-09,399
734049,2014,2014-06-01,399
1359525,2023,2023-05-07,398
1426302,2024,2024-05-14,397
1082612,2017,2017-04-20,397
598027,2013,2013-04-23,396
1359544,2023,2023-05-21,395
1426263,2024,2024-04-11,395
1426282,2024,2024-04-27,395
1426262,2024,2024-04-10,395
829787,2015,2015-05-07,395
1178399,2019,2019-04-10,395
1304086,2022,2022-04-27,394
1304096,2022,2022-05-05,393
1254068,2021,2021-04-18,393
548326,2012,2012-04-17,393
1426267,2024,2024-04-14,392
1082640,2017,2017-05-10,392
1304092,2022,2022-05-01,391
1216541,2020/21,2020-10-25,391
980949,2016,2016-04-29,391
1136572,2018,2018-04-15,390
1175358,2019,2019-03-24,389
1136569,2018,2018-04-14,389
1359482,2023,2023-04-05,389
829811,2015,2015-05-16,389
1216517,2020/21,2020-10-18,388
1082623,2017,2017-04-28,388
419159,2009/10,2010-04-18,387
1178417,2019,2019-04-24,387
1175365,2019,2019-03-30,387
1304065,2022,2022-04-10,386
980969,2016,2016-05-07,386
598034,2013,2013-04-28,386
336014,2007/08,2008-05-11,385
1370353,2023,2023-05-29,385
1359514,2023,2023-04-29,385
1254085,2021,2021-05-02,385
1304091,2022,2022-05-01,384
548366,2012,2012-05-13,384
1304069,2022,2022-04-13,384
598064,2013,2013-05-06,384
734041,2014,2014-05-25,384
729291,2014,2014-04-20,384
1178415,2019,2019-04-22,384
980921,2016,2016-04-17,383
1304111,2022,2022-05-17,383
1136586,2018,2018-04-27,383
1216538,2020/21,2020-10-04,382
548381,2012,2012-05-27,382
733999,2014,2014-05-11,381
1082637,2017,2017-05-07,381
501206,2011,2011-04-13,381
1304072,2022,2022-04-16,380
1136574,2018,2018-04-17,380
548329,2012,2012-05-10,380
1304098,2022,2022-05-07,379
1312197,2022,2022-05-24,379
1254089,2021,2021-10-02,379
1359510,2023,2023-04-26,379
1082591,2017,2017-04-05,379
1178423,2019,2019-04-29,379
1304062,2022,2022-04-08,379
1254059,2021,2021-04-10,378
1136602,2018,2018-05-10,378
501213,2011,2011-04-17,377
1422129,2024,2024-03-30,377
336028,2007/08,2008-05-21,377
392231,2009,2009-05-18,377
1426279,2024,2024-04-25,377
548342,2012,2012-04-27,377
1359540,2023,2023-05-19,376
336020,2007/08,2008-05-15,376
980909,2016,2016-04-13,375
419116,2009/10,2010-03-19,375
336009,2007/08,2008-05-08,375
1178402,2019,2019-04-13,375
1082613,2017,2017-04-21,375
1426271,2024,2024-04-18,375
980959,2016,2016-05-02,374
598006,2013,2013-04-09,374
734029,2014,2014-05-22,374
1082630,2017,2017-05-02,374
980953,2016,2016-04-30,373
829711,2015,2015-04-11,373
1359539,2023,2023-05-18,373
1422137,2024,2024-04-06,372
1426292,2024,2024-05-05,372
1359511,2023,2023-04-27,372
829729,2015,2015-04-17,372
335998,2007/08,2008-04-30,372
1082592,2017,2017-04-06,371
1359496,2023,2023-04-16,371
1359506,2023,2023-04-23,371
1216537,2020/21,2020-10-30,371
1136576,2018,2018-04-19,371
598025,2013,2013-04-21,371
598026,2013,2013-04-22,371
829715,2015,2015-04-12,370
1359499,2023,2023-04-18,370
1254067,2021,2021-04-18,370
419145,2009/10,2010-04-08,370
1082627,2017,2017-04-30,370
598051,2013,2013-05-08,369
392189,2009,2009-04-23,369
980995,2016,2016-05-16,369
1359541,2023,2023-05-20,369
1136610,2018,2018-05-16,369
1254111,2021,2021-09-21,368
1359524,2023,2023-05-06,368
1422128,2024,2024-03-29,368
1136605,2018,2018-05-12,368
1175362,2019,2019-03-28,368
1178427,2019,2019-05-03,368
548327,2012,2012-04-17,368
1082611,2017,2017-04-19,367
829791,2015,2015-05-09,367
1082593,2017,2017-04-07,367
1359532,2023,2023-05-13,367
548317,2012,2012-04-11,367
1422122,2024,2024-03-24,366
548356,2012,2012-05-06,366
501210,2011,2011-04-15,366
1082620,2017,2017-04-26,366
829769,2015,2015-05-01,366
419136,2009/10,2010-04-02,365
829799,2015,2015-05-11,365
1304106,2022,2022-05-13,364
829777,2015,2015-05-03,364
1175357,2019,2019-03-24,364
733991,2014,2014-05-09,364
729301,2014,2014-04-25,364
1254060,2021,2021-04-11,364
1216509,2020/21,2020-10-17,364
548333,2012,2012-04-21,364
1304084,2022,2022-04-25,363
829823,2015,2015-05-24,363
1304055,2022,2022-04-02,363
1304073,2022,2022-04-16,362
829773,2015,2015-05-02,362
1422131,2024,2024-03-31,362
980937,2016,2016-04-24,362
1426276,2024,2024-04-22,362
598060,2013,2013-05-13,362
598054,2013,2013-05-10,362
1426261,2024,2024-04-09,362
1237180,2020/21,2020-11-08,361
1359527,2023,2023-05-08,361
419125,2009/10,2010-03-25,361
734027,2014,2014-05-22,360
598047,2013,2013-05-05,360
1359475,2023,2023-03-31,360
1136580,2018,2018-04-22,360
548348,2012,2012-05-01,359
392214,2009,2009-05-07,359
1136606,2018,2018-05-13,359
1136620,2018,2018-05-27,359
1359513,2023,2023-04-29,359
1359509,2023,2023-04-25,359
1216513,2020/21,2020-10-04,359
733981,2014,2014-05-05,359
1304051,2022,2022-03-29,359
501254,2011,2011-05-13,359
980991,2016,2016-05-15,359
1082597,2017,2017-04-09,358
1254073,2021,2021-04-22,358
1422127,2024,2024-03-28,358
1178401,2019,2019-04-12,358
548380,2012,2012-05-25,358
1178421,2019,2019-04-28,358
598041,2013,2013-05-02,357
1254117,2021,2021-10-15,357
980931,2016,2016-04-22,357
1136593,2018,2018-05-03,357
598042,2013,2013-05-02,357
1426272,2024,2024-04-19,356
1216522,2020/21,2020-10-17,356
734005,2014,2014-05-13,356
1304048,2022,2022-03-27,356
829713,2015,2015-04-11,356
1359497,2023,2023-04-16,356
733983,2014,2014-05-06,355
1082615,2017,2017-04-22,355
336032,2007/08,2008-05-24,355
501243,2011,2011-05-05,354
1422124,2024,2024-03-25,354
1175359,2019,2019-03-25,354
1082606,2017,2017-04-16,353
980971,2016,2016-05-07,353
336031,2007/08,2008-05-23,353
1175364,2019,2019-03-30,353
1136603,2018,2018-05-11,353
501267,2011,2011-05-22,353
501260,2011,2011-05-17,353
1178429,2019,2019-05-04,353
980941,2016,2016-04-25,353
1136563,2018,2018-04-08,353
501271,2011,2011-05-28,352
1178407,2019,2019-04-16,352
980987,2016,2016-05-14,352
419156,2009/10,2010-04-16,352
1178418,2019,2019-04-25,352
501268,2011,2011-05-24,352
980947,2016,2016-04-28,352
1136589,2018,2018-04-29,351
1178416,2019,2019-04-23,351
1304071,2022,2022-04-15,351
548309,2012,2012-04-06,351
1359542,2023,2023-05-20,351
1422120,2024,2024-03-23,351
1216536,2020/21,2020-10-29,350
1216524,2020/21,2020-10-27,350
1136594,2018,2018-05-04,350
1082616,2017,2017-04-23,350
598045,2013,2013-05-14,350
1136579,2018,2018-04-21,350
734045,2014,2014-05-28,349
980977,2016,2016-05-09,349
419128,2009/10,2010-03-25,349
392221,2009,2009-05-12,349
1359537,2023,2023-05-16,349
1136597,2018,2018-05-06,349
1422125,2024,2024-03-26,349
829817,2015,2015-05-19,349
336035,2007/08,2008-05-25,349
1304097,2022,2022-05-06,349
419110,2009/10,2010-03-14,349
1422119,2024,2024-03-22,349
419144,2009/10,2010-04-07,348
1216531,2020/21,2020-10-15,348
336003,2007/08,2008-05-03,347
1426293,2024,2024-05-06,347
336000,2007/08,2008-05-01,347
548355,2012,2012-05-06,347
1178403,2019,2019-04-13,347
1359491,2023,2023-04-12,347
1304070,2022,2022-04-14,347
1426310,2024,2024-05-22,346
501222,2011,2011-04-22,346
1426284,2024,2024-04-28,346
981005,2016,2016-05-21,345
981007,2016,2016-05-21,345
1359490,2023,2023-04-11,345
501211,2011,2011-04-16,345
1136614,2018,2018-05-19,345
1254114,2021,2021-10-10,345
980951,2016,2016-04-30,345
1304077,2022,2022-04-19,344
392188,2009,2009-04-22,344
1304089,2022,2022-04-30,344
1136577,2018,2018-04-20,344
1254080,2021,2021-04-28,344
392210,2009,2009-05-05,344
548367,2012,2012-05-14,344
1175366,2019,2019-03-31,344
598037,2013,2013-04-29,344
598036,2013,2013-04-29,344
336013,2007/08,2008-05-10,344
980945,2016,2016-04-27,343
335996,2007/08,2008-04-28,343
1237177,2020/21,2020-11-05,343
1178430,2019,2019-05-05,343
1178406,2019,2019-04-15,343
1254081,2021,2021-04-29,343
829747,2015,2015-04-23,343
1082603,2017,2017-04-14,343
1254098,2021,2021-09-26,343
1359479,2023,2023-04-02,343
1175367,2019,2019-03-31,342
734033,2014,2014-05-23,342
501220,2011,2011-04-21,342
1304059,2022,2022-04-05,342
1136592,2018,2018-05-02,342
1359536,2023,2023-05-15,342
1216508,2020/21,2020-09-23,341
980927,2016,2016-04-20,341
336001,2007/08,2008-05-02,341
1082601,2017,2017-04-13,341
392191,2009,2009-04-24,341
1178426,2019,2019-05-02,341
1359485,2023,2023-04-08,341
1254079,2021,2021-04-27,341
734011,2014,2014-05-15,340
1304075,2022,2022-04-17,339
1136587,2018,2018-04-28,339
1136607,2018,2018-05-13,339
548339,2012,2012-04-25,339
733973,2014,2014-05-03,338
829705,2015,2015-04-08,338
419135,2009/10,2010-04-01,338
1304113,2022,2022-05-19,338
419114,2009/10,2010-03-17,338
829719,2015,2015-04-13,338
1359521,2023,2023-05-04,337
392216,2009,2009-05-09,337
1136615,2018,2018-05-20,337
1426264,2024,2024-04-12,337
829805,2015,2015-05-14,337
548363,2012,2012-05-12,337
1359476,2023,2023-04-01,337
1082608,2017,2017-04-17,337
419129,2009/10,2010-03-28,337
1082644,2017,2017-05-13,337
1359477,2023,2023-04-01,336
548379,2012,2012-05-23,336
829717,2015,2015-04-12,336
501232,2011,2011-04-29,336
336002,2007/08,2008-05-25,336
548341,2012,2012-04-26,336
598070,2013,2013-05-21,336
1136581,2018,2018-04-22,335
598028,2013,2013-05-16,335
419124,2009/10,2010-03-24,335
829745,2015,2015-04-22,335
1136619,2018,2018-05-25,334
1216503,2020/21,2020-10-01,334
1136561,2018,2018-04-07,334
1422133,2024,2024-04-02,334
392223,2009,2009-05-13,334
598072,2013,2013-05-24,334
419117,2009/10,2010-03-19,334
501253,2011,2011-05-12,334
829723,2015,2015-04-30,334
829725,2015,2015-04-15,334
335987,2007/08,2008-04-21,334
392196,2009,2009-04-27,334
1359478,2023,2023-04-02,334
1216519,2020/21,2020-10-05,333
729289,2014,2014-04-19,333
1254086,2021,2021-05-02,333
1254077,2021,2021-04-25,333
1136562,2018,2018-04-08,333
392190,2009,2009-04-23,333
548344,2012,2012-04-28,333
1254102,2021,2021-10-01,333
419162,2009/10,2010-04-21,333
1216542,2020/21,2020-10-08,333
598061,2013,2013-05-15,333
1304095,2022,2022-05-04,333
1426295,2024,2024-05-08,332
980993,2016,2016-05-15,332
1304109,2022,2022-05-15,332
419120,2009/10,2010-03-21,332
548336,2012,2012-04-23,332
335985,2007/08,2008-04-20,331
336024,2007/08,2008-05-18,331
1216546,2020/21,2020-10-20,331
392235,2009,2009-05-21,331
335999,2007/08,2008-05-01,331
1216512,2020/21,2020-10-18,331
598012,2013,2013-04-13,331
980999,2016,2016-05-18,331
1254100,2021,2021-09-27,331
1422136,2024,2024-04-05,331
419140,2009/10,2010-04-04,331
501212,2011,2011-04-16,331
734031,2014,2014-05-23,331
734017,2014,2014-05-19,331
548324,2012,2012-04-15,331
1254069,2021,2021-04-19,331
598033,2013,2013-04-27,330
1216499,2020/21,2020-10-28,330
829731,2015,2015-04-18,330
1422130,2024,2024-03-31,330
1422123,2024,2024-03-24,330
733979,2014,2014-05-05,330
1254101,2021,2021-10-08,330
1304067,2022,2022-04-11,330
598017,2013,2013-04-16,330
829721,2015,2015-04-14,329
1082642,2017,2017-05-12,329
501249,2011,2011-05-09,329
336023,2007/08,2008-05-17,329
829761,2015,2015-05-07,329
1136573,2018,2018-04-16,329
734019,2014,2014-05-19,329
729317,2014,2014-04-30,329
1216497,2020/21,2020-10-24,329
1178412,2019,2019-04-20,329
1216511,2020/21,2020-10-06,329
1370350,2023,2023-05-23,329
548331,2012,2012-04-20,329
1304056,2022,2022-04-02,328
1216529,2020/21,2020-10-11,328
980965,2016,2016-05-05,328
1216492,2020/21,2020-09-19,328
392236,2009,2009-05-21,328
1082629,2017,2017-05-01,328
1426300,2024,2024-05-12,327
980911,2016,2016-04-14,327
548334,2012,2012-04-22,327
1181766,2019,2019-05-08,327
419152,2009/10,2010-04-13,327
419132,2009/10,2010-03-30,327
419127,2009/10,2010-03-27,327
336040,2007/08,2008-06-01,327
1136596,2018,2018-05-05,327
1304066,2022,2022-04-10,327
1082628,2017,2017-05-01,327
501270,2011,2011-05-27,327
1359483,2023,2023-04-06,327
1082594,2017,2017-04-08,327
1082604,2017,2017-04-15,327
392228,2009,2009-05-16,326
1304058,2022,2022-04-04,326
729315,2014,2014-04-29,326
598024,2013,2013-04-21,326
1216523,2020/21,2020-10-10,326
598001,2013,2013-04-06,325
598011,2013,2013-04-13,325
1304101,2022,2022-05-08,325
1359481,2023,2023-04-04,325
1082605,2017,2017-04-15,325
419157,2009/10,2010-04-17,325
1359494,2023,2023-04-15,325
981017,2016,2016-05-27,325
501244,2011,2011-05-06,325
548377,2012,2012-05-20,325
1426287,2024,2024-05-01,325
501246,2011,2011-05-07,324
1254083,2021,2021-04-30,324
1216501,2020/21,2020-10-07,324
1359501,2023,2023-04-20,324
392192,2009,2009-04-25,324
1426266,2024,2024-04-14,323
1304060,2022,2022-04-06,323
501200,2011,2011-04-09,323
980905,2016,2016-04-11,323
598048,2013,2013-04-09,323
1136575,2018,2018-04-18,323
1082625,2017,2017-04-29,323
419133,2009/10,2010-03-31,323
1426309,2024,2024-05-21,323
1178404,2019,2019-04-14,323
1178411,2019,2019-04-20,323
980975,2016,2016-05-08,322
1254090,2021,2021-10-03,322
1216500,2020/21,2020-10-09,322
1175369,2019,2019-04-02,322
980939,2016,2016-04-24,322
419148,2009/10,2010-04-10,322
1216530,2020/21,2020-11-01,322
1216516,2020/21,2020-10-02,321
1178420,2019,2019-04-27,321
1178414,2019,2019-04-21,321
1216507,2020/21,2020-10-11,321
598029,2013,2013-04-24,321
733985,2014,2014-05-07,321
734037,2014,2014-05-24,321
734021,2014,2014-05-20,321
548350,2012,2012-05-02,321
1082622,2017,2017-04-28,321
829775,2015,2015-05-03,321
501227,2011,2011-04-26,321
1304104,2022,2022-05-11,321
980963,2016,2016-05-04,321
980957,2016,2016-05-01,320
1359495,2023,2023-04-15,320
829793,2015,2015-05-09,320
501221,2011,2011-04-22,320
501216,2011,2011-04-19,320
981009,2016,2016-05-22,320
1178413,2019,2019-04-21,320
335995,2007/08,2008-04-27,320
1136591,2018,2018-05-01,320
1082639,2017,2017-05-09,320
981003,2016,2016-05-20,319
1304050,2022,2022-03-28,319
501209,2011,2011-04-15,319
1304090,2022,2022-04-30,319
1216493,2020/21,2020-09-20,319
1254058,2021,2021-04-09,319
548321,2012,2012-04-19,319
598030,2013,2013-04-25,319
1304115,2022,2022-05-21,319
1312199,2022,2022-05-27,318
501239,2011,2011-05-03,318
980933,2016,2016-04-23,318
1136601,2018,2018-05-09,318
598063,2013,2013-05-15,318
1175368,2019,2019-04-01,318
548368,2012,2012-05-14,318
734001,2014,2014-05-12,317
1136578,2018,2018-04-21,317
1082636,2017,2017-05-07,317
501208,2011,2011-04-14,317
1304116,2022,2022-05-22,317
1304100,2022,2022-05-08,317
501203,2011,2011-04-11,317
1082600,2017,2017-04-12,317
1082618,2017,2017-04-24,317
829789,2015,2015-05-08,317
981013,2016,2016-05-24,317
733995,2014,2014-05-10,317
419141,2009/10,2010-04-05,316
1216534,2020/21,2020-09-21,316
598066,2013,2013-05-18,316
1359486,2023,2023-04-08,316
336015,2007/08,2008-05-11,315
734025,2014,2014-05-21,315
548359,2012,2012-05-08,315
1216510,2020/21,2020-09-24,315
548330,2012,2012-04-19,315
1426311,2024,2024-05-24,314
419165,2009/10,2010-04-25,314
1254096,2021,2021-09-23,314
501264,2011,2011-05-21,314
336018,2007/08,2008-05-14,314
1426289,2024,2024-05-03,314
419131,2009/10,2010-03-29,314
734035,2014,2014-05-24,314
729295,2014,2014-04-22,314
829785,2015,2015-05-06,314
1216528,2020/21,2020-10-13,314
829733,2015,2015-04-18,314
1136568,2018,2018-04-13,314
1254113,2021,2021-09-24,313
829735,2015,2015-04-19,313
1237181,2020/21,2020-11-10,313
598035,2013,2013-04-28,313
1136618,2018,2018-05-23,313
733977,2014,2014-05-04,313
1082599,2017,2017-04-11,313
1082609,2017,2017-04-17,313
1082631,2017,2017-05-03,313
1254076,2021,2021-04-25,313
336026,2007/08,2008-05-19,312
1216514,2020/21,2020-10-03,312
548311,2012,2012-04-07,312
419146,2009/10,2010-04-09,312
598013,2013,2013-04-14,312
598008,2013,2013-04-11,312
1082643,2017,2017-05-13,312
1136616,2018,2018-05-20,312
1082646,2017,2017-05-14,312
419150,2009/10,2010-04-11,311
419106,2009/10,2010-03-12,311
392181,2009,2009-04-18,311
501236,2011,2011-05-01,311
1304079,2022,2022-04-21,311
501257,2011,2011-05-15,311
392211,2009,2009-05-05,311
548322,2012,2012-04-14,311
548362,2012,2012-05-11,311
1216504,2020/21,2020-09-30,311
419122,2009/10,2010-03-22,311
548354,2012,2012-05-05,311
548313,2012,2012-04-08,310
734023,2014,2014-05-20,310
598016,2013,2013-04-16,310
1426285,2024,2024-04-29,310
419143,2009/10,2010-04-07,310
1304093,2022,2022-05-02,310
597999,2013,2013-04-04,310
1254082,2021,2021-04-29,310
1216518,2020/21,2020-10-22,310
548352,2012,2012-05-04,310
336034,2007/08,2008-05-03,309
1216543,2020/21,2020-10-14,309
598049,2013,2013-05-07,309
335994,2007/08,2008-04-27,309
1216532,2020/21,2020-09-29,309
419134,2009/10,2010-03-31,309
1304063,2022,2022-04-09,309
733975,2014,2014-05-03,308
392206,2009,2009-05-02,308
501224,2011,2011-04-24,307
1359529,2023,2023-05-10,307
392207,2009,2009-05-03,307
392237,2009,2009-05-22,307
1359492,2023,2023-04-13,307
548357,2012,2012-05-07,307
1216506,2020/21,2020-11-01,307
1136598,2018,2018-05-06,307
598067,2013,2013-05-19,306
1178400,2019,2019-04-11,306
419119,2009/10,2010-03-20,306
419123,2009/10,2010-03-23,306
419142,2009/10,2010-04-06,306
1304057,2022,2022-04-03,306
548312,2012,2012-04-08,306
1426291,2024,2024-05-05,306
1216539,2020/21,2020-09-25,306
1216540,2020/21,2020-10-12,306
1216505,2020/21,2020-11-02,306
548378,2012,2012-05-22,306
980919,2016,2016-04-17,305
548343,2012,2012-04-28,305
829783,2015,2015-05-05,305
980981,2016,2016-05-11,304
501198,2011,2011-04-08,304
1304061,2022,2022-04-07,304
335982,2007/08,2008-04-18,304
1082647,2017,2017-05-16,304
1304081,2022,2022-04-23,304
501204,2011,2011-04-12,303
419130,2009/10,2010-03-28,303
1359533,2023,2023-05-13,303
598062,2013,2013-05-14,303
1175370,2019,2019-04-03,303
1304074,2022,2022-04-17,303
1304064,2022,2022-04-09,303
548345,2012,2012-04-29,303
1254103,2021,2021-09-29,302
419118,2009/10,2010-03-20,302
829797,2015,2015-05-10,302
981015,2016,2016-05-25,302
1178395,2019,2019-04-07,301
1304114,2022,2022-05-20,301
1178397,2019,2019-04-08,301
1216525,2020/21,2020-10-10,301
1304110,2022,2022-05-16,301
1136600,2018,2018-05-08,301
1304083,2022,2022-04-24,300
1359530,2023,2023-05-11,300
1304107,2022,2022-05-14,300
1216495,2020/21,2020-11-03,300
501207,2011,2011-04-13,299
1216520,2020/21,2020-10-26,299
1082595,2017,2017-04-08,299
829707,2015,2015-04-09,299
733997,2014,2014-05-11,299
419126,2009/10,2010-03-26,299
392208,2009,2009-05-03,299
598031,2013,2013-04-26,299
392194,2009,2009-04-26,299
980961,2016,2016-05-03,299
501241,2011,2011-05-04,299
1426265,2024,2024-04-13,299
1426290,2024,2024-05-04,299
829781,2015,2015-05-04,299
335993,2007/08,2008-04-26,299
734043,2014,2014-05-27,298
829709,2015,2015-04-10,298
335991,2007/08,2008-04-25,298
392201,2009,2009-04-30,298
392227,2009,2009-05-16,298
392218,2009,2009-05-10,298
1136613,2018,2018-05-19,298
1178393,2019,2019-04-06,298
1136567,2018,2018-04-12,298
1082598,2017,2017-04-10,298
1181767,2019,2019-05-10,298
1359500,2023,2023-04-19,298
729299,2014,2014-04-24,298
734003,2014,2014-05-13,297
1254064,2021,2021-04-15,297
501252,2011,2011-05-11,297
1216526,2020/21,2020-10-16,297
1181768,2019,2019-05-12,297
1175360,2019,2019-03-26,297
336027,2007/08,2008-05-20,297
980983,2016,2016-05-12,296
501240,2011,2011-05-04,296
1304087,2022,2022-04-28,296
1178409,2019,2019-04-18,296
1426298,2024,2024-05-11,296
598004,2013,2013-04-07,295
392238,2009,2009-05-23,295
501242,2011,2011-05-05,295
548365,2012,2012-05-13,295
1082607,2017,2017-04-16,295
1216544,2020/21,2020-10-25,295
336037,2007/08,2008-05-27,295
336004,2007/08,2008-05-04,295
501237,2011,2011-05-02,295
501269,2011,2011-05-25,295
548310,2012,2012-04-07,294
598015,2013,2013-04-15,294
829751,2015,2015-04-25,294
548337,2012,2012-04-24,294
1254062,2021,2021-04-13,294
548332,2012,2012-04-21,293
548353,2012,2012-05-05,293
419138,2009/10,2010-04-03,293
598009,2013,2013-04-11,293
501261,2011,2011-05-18,293
1422139,2024,2024-04-07,293
829739,2015,2015-04-20,293
1254104,2021,2021-09-19,292
1254063,2021,2021-04-14,292
336007,2007/08,2008-05-06,292
598052,2013,2013-05-09,292
598038,2013,2013-04-30,291
1136588,2018,2018-04-29,291
729281,2014,2014-04-17,291
419121,2009/10,2010-03-21,291
1359535,2023,2023-05-14,291
336036,2007/08,2008-05-26,291
729311,2014,2014-04-27,291
980917,2016,2016-04-16,290
598032,2013,2013-04-27,290
1136612,2018,2018-05-18,290
392198,2009,2009-04-28,290
392202,2009,2009-04-30,290
829819,2015,2015-05-20,289
419151,2009/10,2010-04-12,289
1426286,2024,2024-04-30,289
1426303,2024,2024-05-15,289
980935,2016,2016-04-23,289
392225,2009,2009-05-14,288
1359488,2023,2023-04-09,288
548315,2012,2012-04-10,288
734015,2014,2014-05-18,288
419108,2009/10,2010-03-13,288
980915,2016,2016-04-16,288
1426275,2024,2024-04-21,288
1304094,2022,2022-05-03,288
598002,2013,2013-04-06,287
336016,2007/08,2008-05-12,287
1136599,2018,2018-05-07,287
980923,2016,2016-04-18,287
392203,2009,2009-05-01,287
1216545,2020/21,2020-09-26,287
1254066,2021,2021-04-17,287
501235,2011,2011-05-01,287
1082602,2017,2017-04-14,287
829753,2015,2015-04-25,287
1136609,2018,2018-05-15,287
548374,2012,2012-05-19,286
501228,2011,2011-04-27,286
1304088,2022,2022-04-29,286
1426299,2024,2024-05-12,286
392230,2009,2009-05-17,286
980955,2016,2016-05-01,285
335988,2007/08,2008-04-22,285
548349,2012,2012-05-01,285
598058,2013,2013-05-12,285
729279,2014,2014-04-16,285
1082634,2017,2017-05-06,284
392205,2009,2009-05-02,283
1370351,2023,2023-05-24,283
729303,2014,2014-04-25,283
419111,2009/10,2010-03-15,283
501205,2011,2011-04-12,283
548360,2012,2012-05-09,283
734009,2014,2014-05-14,283
392197,2009,2009-04-27,282
419153,2009/10,2010-04-13,282
1136582,2018,2018-04-23,282
392199,2009,2009-04-29,282
392204,2009,2009-05-01,282
392217,2009,2009-05-09,281
336011,2007/08,2008-05-09,281
1359508,2023,2023-04-24,281
501238,2011,2011-05-02,281
392239,2009,2009-05-24,280
734013,2014,2014-05-18,280
548314,2012,2012-04-09,280
829759,2015,2015-04-27,280
419160,2009/10,2010-04-18,279
501230,2011,2011-04-28,279
980925,2016,2016-04-19,279
829821,2015,2015-05-22,279
548347,2012,2012-04-30,279
1136617,2018,2018-05-22,279
392220,2009,2009-05-11,279
1359523,2023,2023-05-06,279
1178396,2019,2019-04-07,279
336038,2007/08,2008-05-30,279
1254095,2021,2021-10-06,278
1426260,2024,2024-04-08,278
392209,2009,2009-05-04,278
501199,2011,2011-04-09,278
1304102,2022,2022-05-09,278
1082635,2017,2017-05-06,278
1304054,2022,2022-04-01,278
1082638,2017,2017-05-08,278
1178425,2019,2019-05-01,278
1136570,2018,2018-04-14,277
598007,2013,2013-04-10,277
1254115,2021,2021-10-11,277
829743,2015,2015-04-22,277
1304099,2022,2022-05-07,277
981011,2016,2016-05-22,277
419147,2009/10,2010-04-10,277
501233,2011,2011-04-30,276
1254108,2021,2021-09-26,276
548369,2012,2012-05-15,276
335997,2007/08,2008-04-29,275
1254097,2021,2021-09-25,275
1254070,2021,2021-04-20,275
1254110,2021,2021-10-04,275
598050,2013,2013-05-07,275
1082596,2017,2017-04-09,275
501259,2011,2011-05-16,274
598040,2013,2013-05-01,273
419113,2009/10,2010-03-16,273
598073,2013,2013-05-26,273
729297,2014,2014-04-23,273
501250,2011,2011-05-10,273
1254091,2021,2021-09-30,273
1254105,2021,2021-09-22,273
1254094,2021,2021-10-07,273
335992,2007/08,2008-04-26,273
980929,2016,2016-04-21,272
829779,2015,2015-05-04,272
1254099,2021,2021-09-28,272
1359503,2023,2023-04-21,272
1254116,2021,2021-10-13,271
598019,2013,2013-04-17,271
419109,2009/10,2010-03-14,271
1178405,2019,2019-04-14,271
392212,2009,2009-05-06,271
1304108,2022,2022-05-15,270
980979,2016,2016-05-10,270
598056,2013,2013-05-11,270
1082614,2017,2017-04-22,270
1082621,2017,2017-04-27,269
392232,2009,2009-05-19,269
598005,2013,2013-04-08,269
1178408,2019,2019-04-17,269
980973,2016,2016-05-08,269
548320,2012,2012-04-13,268
729285,2014,2014-04-18,268
419161,2009/10,2010-04-19,268
1178431,2019,2019-05-05,267
392229,2009,2009-05-17,267
501263,2011,2011-05-20,267
1254075,2021,2021-04-24,267
598071,2013,2013-05-22,267
548323,2012,2012-04-15,266
392185,2009,2009-04-20,266
829765,2015,2015-04-28,266
501215,2011,2011-04-18,266
598043,2013,2013-05-03,265
419158,2009/10,2010-04-17,265
1178419,2019,2019-04-26,264
1304047,2022,2022-03-26,264
829749,2015,2015-04-24,264
829809,2015,2015-05-16,264
1181764,2019,2019-05-07,263
1359504,2023,2023-04-22,263
1254074,2021,2021-04-23,263
1237178,2020/21,2020-11-06,263
1312200,2022,2022-05-29,263
733971,2014,2014-05-02,262
419154,2009/10,2010-04-14,262
598069,2013,2013-05-19,262
729293,2014,2014-04-21,261
1254112,2021,2021-10-02,261
335984,2007/08,2008-04-19,261
392224,2009,2009-05-14,261
1175371,2019,2019-04-04,260
501256,2011,2011-05-14,260
1304052,2022,2022-03-30,260
501226,2011,2011-04-25,259
1304085,2022,2022-04-26,259
598039,2013,2013-05-01,259
829727,2015,2015-04-16,258
501219,2011,2011-04-20,258
598053,2013,2013-05-09,258
1082633,2017,2017-05-05,257
1254092,2021,2021-09-28,257
597998,2013,2013-04-03,257
501266,2011,2011-05-22,257
1082650,2017,2017-05-21,257
1254106,2021,2021-10-07,256
1359502,2023,2023-04-20,255
980967,2016,2016-05-06,255
548376,2012,2012-05-20,255
1136595,2018,2018-05-05,255
1359518,2023,2023-05-02,255
548373,2012,2012-05-18,254
548361,2012,2012-05-10,253
501247,2011,2011-05-08,253
548335,2012,2012-04-22,253
1082624,2017,2017-04-29,253
336006,2007/08,2008-05-05,253
336010,2007/08,2008-05-08,253
1422132,2024,2024-04-01,252
598020,2013,2013-04-18,252
1136564,2018,2018-04-09,252
729309,2014,2014-04-27,251
1136585,2018,2018-04-26,251
548328,2012,2012-04-18,251
548358,2012,2012-05-08,251
1216533,2020/21,2020-10-19,251
729313,2014,2014-04-28,251
392195,2009,2009-04-26,251
980985,2016,2016-05-13,251
501251,2011,2011-05-10,250
598014,2013,2013-04-14,250
598021,2013,2013-04-19,250
1254078,2021,2021-04-26,249
981001,2016,2016-05-19,249
598065,2013,2013-05-17,249
336012,2007/08,2008-05-28,248
392219,2009,2009-05-10,248
1359484,2023,2023-04-07,248
548370,2012,2012-05-16,248
980901,2016,2016-04-09,247
419163,2009/10,2010-04-22,246
1254107,2021,2021-09-25,245
336017,2007/08,2008-05-13,243
598022,2013,2013-04-20,243
392226,2009,2009-05-15,243
548371,2012,2012-05-17,243
501218,2011,2011-04-20,242
1216502,2020/21,2020-10-31,241
598059,2013,2013-04-23,241
1254071,2021,2021-04-21,241
392222,2009,2009-05-12,241
729307,2014,2014-04-26,241
1216498,2020/21,2020-10-24,240
598023,2013,2013-04-20,240
829801,2015,2015-05-12,239
501248,2011,2011-05-08,239
501234,2011,2011-04-30,239
548351,2012,2012-05-03,239
336029,2007/08,2008-05-21,238
548375,2012,2012-05-19,238
501262,2011,2011-05-19,237
829767,2015,2015-05-01,237
1359522,2023,2023-05-05,237
392186,2009,2009-04-21,237
733989,2014,2014-05-08,236
1178428,2019,2019-05-04,236
392200,2009,2009-04-29,235
1254109,2021,2021-10-03,234
1304078,2022,2022-04-20,234
734039,2014,2014-05-25,234
392215,2009,2009-05-08,234
1359517,2023,2023-05-01,234
1178394,2019,2019-04-06,232
598057,2013,2013-05-12,231
729287,2014,2014-04-19,231
548319,2012,2012-04-12,231
1359534,2023,2023-05-14,230
1216521,2020/21,2020-10-23,230
548308,2012,2012-04-06,230
598000,2013,2013-04-05,230
598010,2013,2013-04-12,229
548364,2012,2012-05-12,229
336039,2007/08,2008-05-31,228
598055,2013,2013-05-11,228
829815,2015,2015-05-17,227
598018,2013,2013-04-17,227
1426312,2024,2024-05-26,227
548306,2012,2012-04-04,227
829771,2015,2015-05-02,226
1304103,2022,2022-05-10,226
419155,2009/10,2010-04-15,225
501202,2011,2011-04-10,225
980913,2016,2016-04-15,224
419149,2009/10,2010-04-11,223
335986,2007/08,2008-04-20,222
548316,2012,2012-04-10,221
1216535,2020/21,2020-10-31,221
501225,2011,2011-04-24,220
1178398,2019,2019-04-09,219
336005,2007/08,2008-05-04,219
598046,2013,2013-05-05,218
1082649,2017,2017-05-19,218
829807,2015,2015-05-15,218
1254065,2021,2021-04-16,213
1136566,2018,2018-04-11,213
980943,2016,2016-04-26,212
392213,2009,2009-05-07,212
336022,2007/08,2008-05-17,212
392234,2009,2009-05-20,208
336008,2007/08,2008-05-07,207
392184,2009,2009-04-19,205
1136583,2018,2018-04-24,205
336025,2007/08,2008-05-18,204
501229,2011,2011-04-27,203
392233,2009,2009-05-20,203
548346,2012,2012-04-29,201
829763,2015,2015-04-29,200
1304105,2022,2022-05-12,200
598003,2013,2013-04-07,199
548307,2012,2012-04-05,197
980997,2016,2016-05-17,197
980903,2016,2016-04-10,197
501258,2011,2011-05-15,195
829757,2015,2015-04-26,194
501255,2011,2011-05-14,194
501201,2011,2011-04-10,194
392182,2009,2009-04-18,191
829803,2015,2015-05-13,190
829813,2015,2015-05-17,189
501231,2011,2011-04-29,189
598068,2013,2013-05-18,188
733993,2014,2014-05-10,187
1254087,2021,2021-09-20,186
548325,2012,2012-04-16,185
419115,2009/10,2010-03-18,185
1254093,2021,2021-10-05,184
1426270,2024,2024-04-17,181
1136608,2018,2018-05-14,180
1082617,2017,2017-04-23,180
1082648,2017,2017-05-17,176
501245,2011,2011-05-07,175
1216494,2020/21,2020-10-21,169
980989,2016,2016-05-14,169
419164,2009/10,2010-04-24,168
501214,2011,2011-04-17,166
392183,2009,2009-04-19,162
598044,2013,2013-05-04,161
1082645,2017,2017-05-14,151
729305,2014,2014-04-26,141
1175356,2019,2019-03-23,141
1304082,2022,2022-04-23,140
336021,2007/08,2008-05-16,135
1082626,2017,2017-04-30,135
1359519,2023,2023-05-03,125
1178424,2019,2019-04-30,103
501265,2011,2011-05-21,56
