batter,runs_scored,balls_faced,strike_rate
L Wood,9,3,300.0
B Stanlake,5,2,250.0
J Fraser-McGurk,324,139,233.09352517985613
R Sai Kishore,13,6,216.66666666666666
Umar Gul,39,19,205.26315789473685
RS Sodhi,4,2,200.0
R Shepherd,115,62,185.48387096774192
Naman Dhir,140,78,179.4871794871795
PD Salt,652,368,177.17391304347828
Shahid Afridi,81,46,176.08695652173913
AD Russell,2465,1407,175.1954513148543
I Malhotra,7,4,175.0
TM Head,767,441,173.92290249433105
SB Dubey,33,19,173.6842105263158
LJ Wright,102,59,172.8813559322034
WG Jacks,224,130,172.30769230769232
T Stubbs,399,232,171.98275862068965
KK Cooper,115,67,171.6417910447761
ER Dwivedi,24,14,171.42857142857142
AUK Pathan,39,23,169.56521739130434
TH David,652,385,169.35064935064935
H Klaasen,987,584,169.00684931506848
BCJ Cutting,238,141,168.79432624113474
K Gowtham,247,148,166.89189189189187
KMDN Kulasekara,5,3,166.66666666666669
Shivam Sharma,5,3,166.66666666666669
Ashutosh Sharma,183,110,166.36363636363635
SP Narine,1532,924,165.80086580086578
Ramandeep Singh,164,100,164.0
Avesh Khan,41,25,164.0
CR Brathwaite,180,110,163.63636363636365
BJ Haddin,18,11,163.63636363636365
KJ Abbott,13,8,162.5
N Pooran,1769,1090,162.2935779816514
Rashid Khan,536,331,161.93353474320242
LS Livingstone,923,571,161.646234676007
Shashank Singh,423,262,161.45038167938932
Kamran Akmal,124,77,161.03896103896105
AJ Hosein,16,10,160.0
OC McCoy,8,5,160.0
R Ravindra,218,137,159.12408759124088
RM Patidar,798,502,158.9641434262948
Akash Deep,19,12,158.33333333333331
D Pretorius,44,28,157.14285714285714
GJ Maxwell,2764,1761,156.95627484383874
V Sehwag,2713,1740,155.91954022988506
A Raghuvanshi,163,105,155.23809523809524
Abhishek Sharma,1369,883,155.039637599094
AP Dole,34,22,154.54545454545453
CH Morris,612,397,154.15617128463478
RR Rossouw,471,306,153.921568627451
LPC Silva,40,26,153.84615384615387
SO Hetmyer,1241,807,153.77942998760844
PVD Chameera,43,28,153.57142857142858
C Green,699,457,152.95404814004377
Abishek Porel,359,235,152.76595744680853
Bipul Sharma,187,123,152.03252032520325
Dhruv Jurel,347,229,151.528384279476
AB de Villiers,5148,3400,151.41176470588235
JM Sharma,723,481,150.3118503118503
YBK Jaiswal,1595,1062,150.18832391713747
SD Hope,183,122,150.0
TU Deshpande,21,14,150.0
Harmeet Singh,18,12,150.0
MA Wood,12,8,150.0
JC Archer,186,124,150.0
PJ Cummins,510,342,149.12280701754386
CH Gayle,4956,3331,148.78414890423298
RR Pant,3281,2206,148.73073436083408
Arshad Khan,96,65,147.6923076923077
PP Shaw,1890,1280,147.65625
R Powell,360,244,147.54098360655738
KA Pollard,3411,2315,147.34341252699784
JC Buttler,3559,2419,147.12691194708557
Atharva Taide,247,168,147.02380952380955
D Wiese,147,100,147.0
Vivrant Sharma,69,47,146.80851063829786
S Dube,1499,1022,146.67318982387476
Tilak Varma,1154,787,146.6327827191868
P Sahu,19,13,146.15384615384613
HH Pandya,2521,1730,145.72254335260115
Abdul Samad,574,394,145.68527918781726
MJ Lumb,278,191,145.5497382198953
P Simran Singh,750,516,145.3488372093023
PBB Rajapaksa,276,190,145.26315789473685
SA Yadav,3575,2462,145.2071486596263
A Ashish Reddy,280,193,145.0777202072539
JM Bairstow,1587,1096,144.7992700729927
KR Mayers,373,258,144.5736434108527
Arjun Tendulkar,13,9,144.44444444444443
Misbah-ul-Haq,117,81,144.44444444444443
MF Maharoof,177,123,143.90243902439025
YK Pathan,3210,2233,143.75279892521272
ST Jayasuriya,760,529,143.66729678638941
Nithish Kumar Reddy,303,212,142.9245283018868
RK Singh,879,617,142.4635332252836
Mohammad Nabi,215,151,142.3841059602649
LH Ferguson,64,45,142.22222222222223
MP Stoinis,1856,1308,141.8960244648318
MM Ali,1160,818,141.80929095354523
DP Conway,923,651,141.78187403993857
HM Amla,575,406,141.6256157635468
JA Morkel,967,683,141.58125915080527
M Shahrukh Khan,553,391,141.43222506393863
MS Gony,99,70,141.42857142857144
MK Lomror,526,372,141.3978494623656
N Wadhera,350,250,140.0
AU Rashid,21,15,140.0
V Viyaskanth,7,5,140.0
CA Lynn,1317,941,139.95749202975557
DA Warner,6537,4682,139.61982058949167
SV Samson,4412,3167,139.31165140511524
JJ Roy,614,441,139.22902494331066
DA Miller,2913,2094,139.11174785100286
SN Thakur,306,220,139.0909090909091
RN ten Doeschate,326,235,138.72340425531914
Sunny Singh,43,31,138.70967741935485
B Sai Sudharsan,1018,735,138.50340136054422
RA Tripathi,2213,1598,138.48560700876095
AN Ahmed,36,26,138.46153846153845
B Akhil,76,55,138.1818181818182
AC Gilchrist,2046,1483,137.96358732299393
SR Watson,3864,2801,137.95073188147092
NLTC Perera,421,306,137.58169934640523
Harbhajan Singh,824,599,137.56260434056762
MS Dhoni,5213,3790,137.5461741424802
Yudhvir Singh,22,16,137.5
D Salunkhe,33,24,137.5
ML Hayden,1096,799,137.17146433041302
RD Gaikwad,2372,1730,137.10982658959537
E Lewis,654,477,137.1069182389937
M Morkel,122,89,137.07865168539325
S Narwal,37,27,137.03703703703704
SK Raina,5513,4025,136.9689440993789
BJ Rohrer,193,141,136.8794326241135
JR Hopes,417,305,136.72131147540983
VR Iyer,1320,966,136.64596273291926
F du Plessis,4566,3345,136.50224215246635
I Udana,15,11,136.36363636363635
JP Faulkner,524,385,136.1038961038961
SM Curran,874,643,135.9253499222395
Ishan Kishan,2635,1939,135.89479112944818
Shubman Gill,3205,2360,135.8050847457627
R Parag,1173,865,135.60693641618496
DL Chahar,80,59,135.59322033898303
DR Smith,2379,1755,135.55555555555557
MJ Guptill,265,196,135.20408163265304
R Tewatia,1011,748,135.16042780748663
KD Karthik,4824,3570,135.12605042016807
KP Pietersen,1000,742,134.77088948787062
PN Mankad,97,72,134.72222222222223
KL Rahul,4680,3474,134.71502590673575
N Rana,2621,1946,134.68653648509763
BA Stokes,934,695,134.38848920863308
Q de Kock,3152,2349,134.1847594721158
A Badoni,633,472,134.11016949152543
Sikandar Raza,182,136,133.8235294117647
D Brevis,230,172,133.72093023255815
DAJ Bracewell,12,9,133.33333333333331
CRD Fernando,4,3,133.33333333333331
P Chopra,8,6,133.33333333333331
JPR Scantlebury-Searles,8,6,133.33333333333331
AC Blizzard,120,90,133.33333333333331
K Upadhyay,12,9,133.33333333333331
VRV Singh,4,3,133.33333333333331
MA Agarwal,2651,1990,133.21608040201005
S Vidyut,145,109,133.0275229357798
A Manohar,231,174,132.75862068965517
KH Pandya,1643,1239,132.60694108151736
C de Grandhomme,297,224,132.58928571428572
SE Marsh,2473,1866,132.529474812433
SM Pollock,147,111,132.43243243243242
V Kohli,7995,6051,132.12692117005454
Rahmanullah Gurbaz,283,215,131.62790697674419
TR Birt,75,57,131.57894736842107
DJ Mitchell,351,267,131.46067415730337
BB McCullum,2857,2176,131.29595588235296
JD Ryder,596,455,130.98901098901098
M Vohra,1083,828,130.79710144927537
A Mithun,34,26,130.76923076923077
RG Sharma,6588,5039,130.74022623536416
A Symonds,973,745,130.60402684563758
RV Uthappa,4942,3784,130.60253699788584
AR Patel,1643,1259,130.50039714058778
AK Markram,995,764,130.23560209424085
SN Khan,578,444,130.18018018018017
OA Shah,505,388,130.15463917525773
PD Collingwood,203,156,130.12820512820514
Ankit Sharma,87,67,129.8507462686567
RA Jadeja,2942,2267,129.7750330833701
SM Katich,240,185,129.72972972972974
Yuvraj Singh,2742,2115,129.645390070922
V Shankar,1110,857,129.52158693115518
DJ Bravo,1546,1196,129.26421404682273
B Lee,124,96,129.16666666666669
DJ Hooda,1455,1127,129.10381543921915
SW Billings,497,385,129.0909090909091
STR Binny,879,682,128.88563049853371
UT Khawaja,127,99,128.2828282828283
AJ Finch,2083,1626,128.1057810578106
Azhar Mahmood,388,303,128.05280528052805
CJ Anderson,538,421,127.79097387173397
MR Marsh,665,521,127.6391554702495
WP Saha,2929,2296,127.56968641114983
KK Nair,1491,1169,127.54491017964071
AT Rayudu,4325,3391,127.5434974933648
SS Iyer,3123,2449,127.52143732135566
SPD Smith,2461,1931,127.44691869497669
S Sohal,368,289,127.33564013840831
Azmatullah Omarzai,42,33,127.27272727272727
LMP Simmons,1079,848,127.24056603773586
MW Short,117,92,127.17391304347827
CL White,962,757,127.08058124174373
S Dhawan,6736,5304,126.99849170437405
MC Henriques,996,785,126.87898089171973
Gulbadin Naib,19,15,126.66666666666666
AC Voges,181,143,126.57342657342659
P Negi,364,288,126.38888888888889
DH Yagnik,168,133,126.3157894736842
MV Boucher,387,307,126.05863192182409
AD Mathews,722,573,126.00349040139616
BJ Hodge,1399,1112,125.80935251798562
KS Williamson,2128,1692,125.76832151300236
AD Hales,147,117,125.64102564102564
AS Yadav,49,39,125.64102564102564
C Munro,177,141,125.53191489361701
SA Asnodkar,423,337,125.51928783382789
Sohail Tanvir,35,28,125.0
A Choudhary,25,20,125.0
Arshad Khan (2),5,4,125.0
AP Tare,339,272,124.63235294117648
MN van Wyk,163,131,124.42748091603053
JP Duminy,2026,1631,124.21827099938687
Shakib Al Hasan,788,635,124.09448818897637
JO Holder,259,209,123.92344497607655
LA Pomersbach,301,243,123.86831275720165
G Gambhir,4197,3394,123.65939893930467
DPMD Jayawardene,1806,1462,123.52941176470588
AM Rahane,4640,3757,123.50279478307161
Sachin Baby,142,115,123.47826086956522
LRPL Taylor,1010,818,123.4718826405868
MG Bracewell,58,47,123.40425531914893
D Padikkal,1555,1262,123.21711568938194
Mandeep Singh,1705,1385,123.10469314079423
AB McDonald,123,100,123.0
DJ Hussey,1316,1070,122.99065420560748
KS Bharat,198,161,122.98136645962734
KM Jadhav,1191,969,122.91021671826626
MEK Hussey,1976,1610,122.73291925465838
HV Patel,249,203,122.66009852216749
Harpreet Brar,233,190,122.63157894736842
EJG Morgan,1406,1147,122.58064516129032
DJG Sammy,295,241,122.40663900414938
SA Abbott,22,18,122.22222222222223
DNT Zoysa,11,9,122.22222222222223
Shahbaz Ahmed,535,438,122.14611872146119
GJ Bailey,660,541,121.99630314232901
M Vijay,2619,2148,121.92737430167597
MJ McClenaghan,84,69,121.73913043478262
HC Brook,186,153,121.56862745098039
S Anirudha,136,112,121.42857142857142
AJ Tye,91,75,121.33333333333334
IK Pathan,1149,947,121.33051742344246
KC Sangakkara,1680,1385,121.29963898916967
LA Carseldine,80,66,121.21212121212122
Gurkeerat Singh,511,422,121.09004739336493
MK Pandey,3840,3174,120.98298676748583
PA Patel,2841,2350,120.89361702127658
Anmolpreet Singh,139,115,120.8695652173913
SS Tiwary,1489,1235,120.5668016194332
PC Valthaty,499,414,120.53140096618358
R Bhatia,342,284,120.4225352112676
GD Phillips,65,54,120.37037037037037
SR Tendulkar,2331,1941,120.09273570324575
Joginder Sharma,36,30,120.0
Saurav Chauhan,18,15,120.0
DM Bravo,6,5,120.0
SS Prabhudessai,126,105,120.0
Salman Butt,192,160,120.0
KV Sharma,351,294,119.38775510204083
T Taibu,31,26,119.23076923076923
Anuj Rawat,318,267,119.10112359550563
Sanvir Singh,25,21,119.04761904761905
S Badrinath,1438,1208,119.03973509933775
TK Curran,127,107,118.69158878504673
JD Unadkat,197,166,118.67469879518073
Sameer Rizvi,51,43,118.6046511627907
R Ashwin,799,674,118.5459940652819
SP Fleming,192,162,118.5185185185185
DB Ravi Teja,373,315,118.41269841269842
KA Jamieson,65,55,118.18181818181819
NL McCullum,26,22,118.18181818181819
TL Suman,676,573,117.97556719022688
NV Ojha,1543,1308,117.9663608562691
Y Venugopal Rao,980,832,117.78846153846155
AB Agarkar,177,151,117.21854304635761
RS Bopara,531,453,117.21854304635761
A Flintoff,62,53,116.98113207547169
R Sathish,269,230,116.95652173913042
DB Das,304,260,116.92307692307693
MK Tiwary,1685,1444,116.68975069252076
Vijaykumar Vyshak,14,12,116.66666666666667
Washington Sundar,377,324,116.35802469135803
AS Raut,194,167,116.1676646706587
DJM Short,115,99,116.16161616161615
OF Smith,51,44,115.90909090909092
AM Nayar,664,573,115.88132635253055
LR Shukla,405,350,115.71428571428572
R Dravid,2173,1878,115.70820021299255
JL Pattinson,15,13,115.38461538461537
SD Lad,15,13,115.38461538461537
J Suchith,70,61,114.75409836065573
DT Christian,452,394,114.72081218274113
CA Ingram,205,179,114.52513966480447
AP Majumdar,87,76,114.4736842105263
M Markande,48,42,114.28571428571428
KC Cariappa,24,21,114.28571428571428
BR Dunk,40,35,114.28571428571428
MD Mishra,235,206,114.07766990291262
J Botha,408,358,113.96648044692736
NM Coulter-Nile,82,72,113.88888888888889
RE Levi,83,73,113.69863013698631
TM Dilshan,1138,1001,113.68631368631368
MS Bisla,794,700,113.42857142857143
CM Gautam,169,149,113.42281879194631
Umran Malik,17,15,113.33333333333333
Swapnil Singh,51,45,113.33333333333333
TG Southee,120,106,113.20754716981132
R Vinay Kumar,310,274,113.13868613138686
TL Seifert,26,23,113.04347826086956
PK Garg,269,238,113.02521008403362
RE van der Merwe,159,141,112.7659574468085
JJ van der Wath,18,16,112.5
AA Kulkarni,9,8,112.5
R Dhawan,210,187,112.29946524064172
B Chipli,280,250,112.00000000000001
R Bishnoi,19,17,111.76470588235294
Y Gnaneswara Rao,19,17,111.76470588235294
AL Menaria,395,354,111.5819209039548
J Syed Mohammad,29,26,111.53846153846155
VH Zol,29,26,111.53846153846155
KAJ Roach,10,9,111.11111111111111
J Yadav,40,36,111.11111111111111
RR Raje,20,18,111.11111111111111
PP Chawla,623,561,111.05169340463459
Shoaib Malik,51,46,110.86956521739131
BB Samantray,125,113,110.61946902654867
Aman Hakim Khan,115,104,110.57692307692308
AT Carey,32,29,110.34482758620689
N Jagadeesan,162,147,110.20408163265304
S Rana,87,79,110.12658227848102
GC Smith,731,664,110.09036144578313
HH Gibbs,886,805,110.06211180124224
Y Nagar,285,259,110.03861003861005
DJ Harris,111,101,109.9009900990099
RV Patel,80,73,109.58904109589041
M Manhas,514,470,109.36170212765957
JH Kallis,2419,2213,109.30863081789425
MA Khote,24,22,109.09090909090908
AA Chavan,12,11,109.09090909090908
JEC Franklin,327,300,109.00000000000001
JM Kemp,26,24,108.33333333333333
AS Roy,26,24,108.33333333333333
P Kumar,338,312,108.33333333333333
DL Vettori,121,112,108.03571428571428
YV Takawale,191,177,107.909604519774
MDKJ Perera,14,13,107.6923076923077
F Behardien,14,13,107.6923076923077
W Jaffer,130,121,107.43801652892562
K Rabada,206,192,107.29166666666667
SP Jackson,61,57,107.01754385964912
SC Ganguly,1343,1257,106.84168655529038
RJ Peterson,32,30,106.66666666666667
S Gopal,180,169,106.50887573964498
TA Boult,83,78,106.41025641025641
FY Fazal,183,172,106.3953488372093
Iqbal Abdulla,87,82,106.09756097560977
SD Chitnis,93,88,105.68181818181819
AC Thomas,20,19,105.26315789473684
CJ Jordan,81,77,105.1948051948052
RR Powar,67,64,104.6875
M Kartik,112,107,104.67289719626167
RJ Harris,116,111,104.5045045045045
DW Steyn,167,160,104.375
MJ Clarke,98,94,104.25531914893618
Mohsin Khan,25,24,104.16666666666667
WPUJC Vaas,75,72,104.16666666666667
RD Chahar,129,124,104.03225806451613
M Kaif,259,249,104.01606425702812
AA Jhunjhunwala,217,209,103.82775119617224
VVS Laxman,276,266,103.7593984962406
S Aravind,59,57,103.50877192982458
UT Yadav,208,201,103.48258706467661
MS Wade,183,177,103.38983050847457
Lalit Yadav,294,285,103.15789473684211
PA Reddy,164,160,102.49999999999999
R Rampaul,50,49,102.04081632653062
SE Rutherford,106,104,101.92307692307692
MG Johnson,166,163,101.840490797546
NK Patel,121,119,101.68067226890756
HR Shokeen,66,65,101.53846153846153
CR Woakes,78,77,101.29870129870129
JR Philippe,78,77,101.29870129870129
AD Mascarenhas,79,78,101.28205128205127
PR Shah,91,90,101.11111111111111
RJ Quiney,103,102,100.98039215686273
Harpreet Singh,119,118,100.84745762711864
UBT Chand,300,299,100.33444816053512
SJ Srivastava,5,5,100.0
J Arunkumar,23,23,100.0
Abdul Basith,1,1,100.0
KB Arun Karthik,51,51,100.0
JE Taylor,3,3,100.0
SZ Mulani,1,1,100.0
VS Yeligati,2,2,100.0
VS Malik,7,7,100.0
CA Pujara,390,390,100.0
DG Nalkande,12,12,100.0
L Ronchi,34,34,100.0
MD Shanaka,26,26,100.0
M Theekshana,7,7,100.0
M Jansen,66,66,100.0
Liton Das,4,4,100.0
Rasikh Salam,40,40,100.0
GB Hogg,22,22,100.0
RJ Gleeson,2,2,100.0
RG More,2,2,100.0
DT Patil,13,13,100.0
DP Vijaykumar,1,1,100.0
DJ Malan,26,26,100.0
Mukesh Choudhary,6,6,100.0
Mashrafe Mortaza,2,2,100.0
DS Lehmann,18,18,100.0
DR Sams,44,44,100.0
AR Bawne,12,12,100.0
N Saini,140,140,100.0
AB Barath,42,42,100.0
NJ Rimmington,1,1,100.0
A Nortje,49,49,100.0
A Kamboj,2,2,100.0
SP Goswami,292,293,99.65870307167235
SB Styris,131,132,99.24242424242425
JDP Oram,106,107,99.06542056074767
JDS Neesham,92,93,98.9247311827957
PWH de Silva,72,73,98.63013698630137
MJ Santner,69,70,98.57142857142858
Vishnu Vinod,55,56,98.21428571428571
RV Gomez,50,51,98.0392156862745
MC Juneja,125,128,97.65625
RR Sarwan,73,75,97.33333333333334
SB Jakati,28,29,96.55172413793103
MA Starc,105,109,96.3302752293578
DS Kulkarni,104,108,96.29629629629629
M Klinger,72,75,96.0
DE Bollinger,21,22,95.45454545454545
Anirudh Singh,63,66,95.45454545454545
NJ Maddinson,20,21,95.23809523809523
MM Patel,39,41,95.1219512195122
B Sumanth,35,37,94.5945945945946
K Goel,218,231,94.37229437229438
B Kumar,306,325,94.15384615384616
DJ Jacobs,92,98,93.87755102040816
GR Napier,15,16,93.75
Mohammed Shami,74,79,93.67088607594937
MN Samuels,161,172,93.6046511627907
MM Sharma,124,133,93.23308270676691
Mohammed Siraj,109,117,93.16239316239316
R McLaren,159,171,92.98245614035088
SK Warne,197,213,92.48826291079813
KW Richardson,36,39,92.3076923076923
P Dogra,127,138,92.02898550724638
AD Nath,90,98,91.83673469387756
HE van der Dussen,22,24,91.66666666666666
Basil Thampi,32,35,91.42857142857143
A Mishra,380,417,91.12709832134293
Shivam Mavi,51,56,91.07142857142857
AA Noffke,9,10,90.0
T Banton,18,20,90.0
Navdeep Saini,33,37,89.1891891891892
Imran Tahir,33,37,89.1891891891892
T Kohler-Cadmore,48,54,88.88888888888889
SL Malinga,88,99,88.88888888888889
CK Langeveldt,8,9,88.88888888888889
SW Tait,23,26,88.46153846153845
JJ Bumrah,68,77,88.31168831168831
GH Vihari,281,319,88.08777429467085
R Sharma,66,75,88.0
Simarjeet Singh,7,8,87.5
AN Ghosh,7,8,87.5
AG Paunikar,48,55,87.27272727272727
A Mukund,19,22,86.36363636363636
S Sriram,31,36,86.11111111111111
BA Bhatt,6,7,85.71428571428571
AJ Turner,24,28,85.71428571428571
SH Johnson,6,7,85.71428571428571
SS Shaikh,6,7,85.71428571428571
DJ Willey,53,62,85.48387096774194
BMAJ Mendis,23,27,85.18518518518519
Parvez Rasool,17,20,85.0
Kuldeep Yadav,183,216,84.72222222222221
SB Bangar,49,58,84.48275862068965
AS Joseph,27,32,84.375
CJ Ferguson,98,117,83.76068376068376
J Theron,10,12,83.33333333333334
Z Khan,116,140,82.85714285714286
I Sharma,57,69,82.6086956521739
R Shukla,19,23,82.6086956521739
AA Bilakhia,69,84,82.14285714285714
Kartik Tyagi,13,16,81.25
WD Parnell,65,80,81.25
S Chanderpaul,25,31,80.64516129032258
Akash Madhwal,4,5,80.0
A Dananjaya,4,5,80.0
FH Edwards,4,5,80.0
GD McGrath,4,5,80.0
Mujeeb Ur Rahman,12,15,80.0
M Rawat,55,69,79.71014492753623
AF Milne,23,29,79.3103448275862
DR Martyn,19,24,79.16666666666666
P Ray Barman,19,24,79.16666666666666
RA Bawa,11,14,78.57142857142857
IR Jaggi,76,97,78.35051546391753
C Madan,14,18,77.77777777777779
Ankit Soni,7,9,77.77777777777779
Tanush Kotian,24,31,77.41935483870968
Mohammad Hafeez,64,83,77.10843373493977
D du Preez,10,13,76.92307692307693
Sandeep Sharma,53,69,76.81159420289855
Anureet Singh,36,47,76.59574468085107
DR Shorey,13,17,76.47058823529412
NT Ellis,19,25,76.0
K Kartikeya,9,12,75.0
Sumit Kumar,18,24,75.0
Naveen-ul-Haq,18,24,75.0
S Tyagi,3,4,75.0
KMA Paul,18,24,75.0
WA Mota,56,75,74.66666666666667
A Chopra,53,71,74.64788732394366
A Kumble,35,47,74.46808510638297
DJ Thornely,39,53,73.58490566037736
L Balaji,36,49,73.46938775510205
T Henderson,11,15,73.33333333333333
TM Srivastava,8,11,72.72727272727273
Jaskaran Singh,8,11,72.72727272727273
CK Kapugedera,16,22,72.72727272727273
D Ferreira,8,11,72.72727272727273
Arshdeep Singh,29,40,72.5
SK Trivedi,42,58,72.41379310344827
Yashpal Singh,47,65,72.3076923076923
Noor Ahmad,13,18,72.22222222222221
FA Allen,13,18,72.22222222222221
AG Murtaza,10,14,71.42857142857143
RT Ponting,91,128,71.09375
Karanveer Singh,12,17,70.58823529411765
M Ashwin,35,50,70.0
B Indrajith,21,30,70.0
P Dubey,23,33,69.6969696969697
YV Dhull,16,23,69.56521739130434
BB Sran,9,13,69.23076923076923
VR Aaron,49,71,69.01408450704226
M Muralitharan,20,29,68.96551724137932
RP Singh,52,76,68.42105263157895
JR Hazlewood,19,28,67.85714285714286
SB Wagh,2,3,66.66666666666666
Shivam Singh,2,3,66.66666666666666
JP Behrendorff,6,9,66.66666666666666
Harshit Rana,2,3,66.66666666666666
JE Root,10,15,66.66666666666666
C Sakariya,20,30,66.66666666666666
T Thushara,12,18,66.66666666666666
KL Nagarkoti,22,33,66.66666666666666
JA Richardson,17,26,65.38461538461539
A Nehra,39,60,65.0
KS Sharma,16,25,64.0
Ravi Bishnoi,32,50,64.0
G Coetzee,14,22,63.63636363636363
AS Rajpoot,26,41,63.41463414634146
A Zampa,15,24,62.5
SMSM Senanayake,10,16,62.5
NS Naik,31,50,62.0
S Sreesanth,34,55,61.81818181818181
SM Harwood,8,13,61.53846153846154
M Ntini,11,18,61.111111111111114
T Natarajan,3,5,60.0
Kamran Khan,3,5,60.0
R Ninan,3,5,60.0
PJ Sangwan,26,44,59.09090909090909
X Thalaivan Sargunam,10,17,58.82352941176471
Pankaj Singh,7,12,58.333333333333336
T Kohli,11,19,57.89473684210527
Virat Singh,15,26,57.692307692307686
TS Mills,8,14,57.14285714285714
A Uniyal,4,7,57.14285714285714
A Chandila,4,7,57.14285714285714
Mustafizur Rahman,13,23,56.52173913043478
S Badree,13,23,56.52173913043478
VG Arora,9,16,56.25
Mukesh Kumar,10,18,55.55555555555556
S Kaul,20,36,55.55555555555556
VY Mahesh,15,27,55.55555555555556
CV Varun,25,46,54.347826086956516
AB Dinda,26,48,54.166666666666664
CJ McKay,8,15,53.333333333333336
Mohammad Asif,3,6,50.0
Mohit Rathee,1,2,50.0
PM Sarvesh Kumar,1,2,50.0
PSP Handscomb,6,12,50.0
GHS Garton,2,4,50.0
MJ Suthar,1,2,50.0
T Shamsi,2,4,50.0
BAW Mendis,3,6,50.0
S Randiv,2,4,50.0
SE Bond,1,2,50.0
LB Williams,1,2,50.0
M de Lange,1,2,50.0
RJW Topley,3,6,50.0
A Tomar,4,8,50.0
P Parameswaran,1,2,50.0
KA Maharaj,1,2,50.0
KP Appanna,2,4,50.0
UA Birla,7,14,50.0
PV Tambe,18,38,47.368421052631575
S Nadeem,39,87,44.827586206896555
YS Chahal,37,86,43.02325581395349
Younis Khan,3,7,42.857142857142854
Kumar Kushagra,3,7,42.857142857142854
SB Joshi,6,14,42.857142857142854
GC Viljoen,3,7,42.857142857142854
IS Sodhi,7,17,41.17647058823529
H Das,2,5,40.0
BR Sharath,2,5,40.0
B Laughlin,5,13,38.46153846153847
RK Bhui,10,26,38.46153846153847
TD Paine,10,26,38.46153846153847
M Prasidh Krishna,9,24,37.5
D Kalyankrishna,3,8,37.5
PP Ojha,16,44,36.36363636363637
P Awana,5,14,35.714285714285715
DJ Muthuswami,1,3,33.33333333333333
BE Hendricks,1,3,33.33333333333333
LE Plunkett,1,3,33.33333333333333
DP Nannes,4,13,30.76923076923077
Shoaib Akhtar,2,7,28.57142857142857
RS Gavaskar,2,8,25.0
Fazalhaq Farooqi,3,13,23.076923076923077
A Singh,2,9,22.22222222222222
Mohammad Ashraful,2,10,20.0
HF Gurney,1,5,20.0
Shoaib Ahmed,1,6,16.666666666666664
KK Ahmed,1,7,14.285714285714285
R Sanjay Yadav,0,2,0.0
RP Meredith,0,3,0.0
RR Bhatkal,0,2,0.0
Mayank Dagar,0,1,0.0
Y Prithvi Raj,0,1,0.0
ND Doshi,0,13,0.0
V Pratap Singh,0,1,0.0
S Kaushik,0,1,0.0
Abdur Razzak,0,2,0.0
K Yadav,0,4,0.0
KR Sen,0,3,0.0
KM Asif,0,2,0.0
S Lamichhane,0,1,0.0
L Ablish,0,2,0.0
S Ladda,0,9,0.0
SS Cottrell,0,2,0.0
IC Pandey,0,2,0.0
C Nanda,0,1,0.0
JL Denly,0,1,0.0
Sunny Gupta,0,1,0.0
Yash Dayal,0,1,0.0
U Kaul,0,1,0.0
YA Abdulla,0,1,0.0
